X1,X2,X3,X4,X5,X6,X7,X8,X9,X10,target
2.0627651495387607,-0.6930847879599686,2.3707152341257123,3.678760679132018,-0.6842921002502753,-2.133253788685189,-1.0512709069162858,-0.8413654947463909,-2.3169161152891866,-0.5598643599305415,0
-1.8579172369604744,-1.3090743381144045,0.9391298659565825,-2.5820978125942973,-5.002745430484675,0.7303396532100698,-0.2077289128571853,1.3483509628127883,-0.02917640968723645,1.5524705990796601,0
-0.16018903585921784,-0.7761343272953853,5.096403930118175,-0.2431516176144911,0.23115595914828535,-1.35861310771443,-1.27714511414862,0.7713663905270931,-0.043533867760506495,-3.126813780377558,0
-2.234903428427635,0.9278571884439757,0.8923105571568071,-2.1065712870984847,0.7064978463478623,-0.08169637246245925,-1.2255117899106205,1.184051216888546,-0.45490072919346214,-0.7155989701746659,0
0.05612883028830207,1.5988469410817032,1.265458716551541,0.046237236030644335,1.0628277987008632,0.5142254903017704,0.5811024311944122,-0.7863126845098823,-0.1972621737089847,3.0594778493218717,0
-2.1483171189776566,-0.5891848785842642,-2.0314184130293427,2.1941469316079276,1.2354304513291405,0.785979613897084,3.212108359633776,-1.449818133961832,0.22005579925072083,1.4124320565743047,0
-3.962077760828551,-0.09877930966053838,-0.1409806941420313,0.8875400108306204,5.018474525236815,1.0268370441942805,0.08818588331901078,0.25594258090116273,-1.2547004386402216,-2.161283973606763,0
1.2833443196970928,1.3000981726627765,2.2894865779342246,0.41584364189971146,1.3832064954320609,2.5328470493984225,-0.5387738107104452,-0.0348467789606029,-1.1234587721426288,2.1813941317060497,0
-2.090030139177043,-0.37942859908167414,1.1147391420142543,4.666050300996478,3.987185216574294,0.4335439570046896,2.6339782394644464,-1.6245636203222278,0.3360312833061879,0.48702701777727253,0
-0.7944179486137617,-0.05873120955464095,0.18594809253180877,-0.5345541768959248,0.36071378550057476,0.10293165908395974,-1.5539693404296795,-3.1537411929239036,2.4732614025111666,0.8459904639650516,0
-0.44596038479798406,0.06923191586169891,1.642102494086397,2.2842765138631194,0.9832719263291795,1.22032378201343,2.2906011638236903,-0.21490793923444085,1.6721607258484021,4.220839102257379,0
-5.383997337521934,0.6304244573507893,-0.24559658597293432,3.3518874607175766,1.3339928480467829,0.7702744025102326,2.1514934707062086,-1.9089574592670167,-1.5856749509546573,-3.1007211747536423,0
2.0076457493516178,-3.717498865852108,-0.05679436343008892,-0.2631569867003557,-2.7490688852087,1.4681836506403956,-3.7698412433685786,-0.7907579678616816,-0.08417994963474451,-1.4983141422784243,1
-3.9242940198975464,-0.5825909875963275,3.796635880546629,3.6454506644044646,1.7998915390065102,-3.4922522898172805,1.705697630179683,-0.6283131189862767,3.616173203030455,0.07767030339840808,0
1.1739528034828157,0.18688056667053066,0.2769630396456612,-2.2185203805428713,2.6002422244181234,-1.3034102678802963,0.7340896165595476,2.0549732953725295,-0.1291174302042366,1.729505092620024,1
-3.474057743880531,-1.6318608651405597,-0.16360925916923552,0.07745097646915194,-1.9352195267630083,0.01113621285853772,-2.2625958398890345,-0.17424901132640724,0.14057934249780013,0.9506928972739909,1
-4.719381921859202,-0.6203154533314281,1.6240573459754613,4.653650793835789,3.806861354992131,-0.8188830754652996,2.0209618152582824,-2.315403835483565,0.9002362309670177,-1.658656656610579,0
-1.8857880478706557,0.19704408393103756,1.9517934340072238,1.9112053847043482,-3.777568879081875,0.6725530781184572,-1.2635484144281153,-3.929209407231793,1.7768064736533333,1.8233006156917393,1
1.6042987244257363,-0.4637170279047239,-2.299873643550275,-3.686030075099129,0.7628847478831577,0.45839909045840554,-0.7408505028315626,2.5495099391679124,1.3494192415293569,-1.1310049613928839,1
-1.3833016189548322,-0.3158864454090221,1.4664883572369778,-3.2468748640415206,0.3864964861364587,0.6018395826279621,0.9029194323799699,-0.5675998010721488,2.249976896986322,-0.6457372969112591,0
-1.0215077191488457,0.76135572086405,0.5900661417736222,0.04466400025316214,4.139896476667017,-2.336186076203402,1.2147012453521429,0.12977845228805074,3.494037526672852,1.8837345013602993,1
-1.8098282180339076,-2.1604576632257197,2.507289079054141,2.1202839142787617,-0.40824403020228295,-2.4213783724860463,-0.40836036290809463,-3.1883008864979203,0.5702821982770923,4.062387766624322,1
1.6777417393128884,1.8535178104400662,-3.6349836380898033,-0.585378683860037,-2.1662308261115752,-0.08032167081996544,1.3665632590435217,-0.864397809863094,-0.12947449509268938,2.0571722628447326,0
-1.8253750133055555,2.700251330410676,0.622915050904454,-1.1544731491799505,-0.5443388043729824,-0.6891662788765671,1.0591531650454284,-0.7968476059275541,3.5755111662157706,1.31605446864618,1
-0.43054135837274377,1.7200850278497082,1.498312056115862,-2.884608776038427,2.350740764297513,-3.38176410261169,0.40171860645033786,1.8828755826603043,0.21884324616412865,0.7968702585932004,0
-2.1702231798992884,-0.7143691610405463,-0.43588741586115454,-1.0384961499770748,-0.03711345174993075,-0.28409174340949805,1.1467697681494275,-1.418537422202352,0.7770954913578189,-0.9691935724305809,0
0.8833248413380379,1.2151963422142118,-1.1955497388759466,0.4038038434644023,1.6951704804493315,-1.4727633339571442,1.7515605245538979,2.3639402662655344,0.5424200698124034,-0.6700355922116041,1
-2.2402425480754116,-0.16306654209965565,-1.0132659726091067,0.773051336798134,0.030973844088637403,1.6414705565783367,1.2072695093750738,-3.757841402491085,3.3892779630816072,0.29759616481308926,0
1.3519564419293135,-0.33767883001786564,2.863766287282385,1.9595269464059424,-3.0136270601293846,-0.022229207142418217,-2.169157885983229,-3.331904655772636,2.3549150931287723,1.2200206978936723,1
-0.6511520356543079,1.8295494650283457,0.4869672311519877,-1.7417188371213403,2.3698477633377615,-1.6066044397051016,1.742982772565286,0.4569344533544384,3.653898985748755,1.2175007261409396,1
0.6652196700667683,-1.6065682000268313,-0.20053240049617527,-1.1293617380620795,1.8882470652284353,-1.0517847876632702,-0.39057735949588057,0.2680030051994503,2.517587581836739,1.710555326395676,1
-2.6791030892980436,2.7038474023145667,-1.4143894782763127,0.07496918533004915,-1.9071855844141616,-1.711122089564248,2.9590142841516975,-2.5297474822644124,1.0972782876925242,0.5234813998266212,0
1.6862492321879823,0.7177747304145116,-2.2193515854614327,-1.2277843601646072,1.363766205885277,1.3510204370642258,1.7377893677117107,-1.6492626022193886,-1.9966174644060777,2.0076359068817204,0
0.7227760015858775,2.803508210974255,-0.04200492834956715,-1.9105240698978907,-1.1553704093385238,2.491409137786431,-1.1242768469248416,0.9426919120890926,0.2276843368087163,3.323029756926581,0
-0.35157804476528187,0.2499479137994951,2.0621305091308613,2.0297261126361947,3.5904046155258142,-3.9498758945689687,1.6313972415744626,2.834148495418455,1.0326181740319729,0.933491933244337,1
1.5797846823337478,-0.33668848189408396,-0.22944379173795393,-2.3532158768689913,1.1614497852313783,-0.8949102381307558,0.006039096722890713,0.21096178655401354,4.381582084400826,-0.14397041236950203,1
1.0005681651820841,1.8483114079458196,-1.0993735718894353,0.65175747219867,1.2364644856540876,0.47947839613471965,0.47744057850350424,-0.7477460224947674,-0.3625649679682652,0.7734344610422141,0
-0.18984437783339625,0.06569229120412706,0.706511449435057,0.7182507269768843,-0.1421887536675771,-0.07344980070528634,0.1780300431937346,1.0792663365229838,-1.2145855023408647,0.7755392505791429,0
1.0954455933785585,2.068696367285666,1.2104663831089422,0.24443950115800656,2.0510020167671086,0.26960310087306494,-1.03391138573927,-0.5881473791227645,2.488537440329967,-1.6611039336469022,0
-1.6649161055009136,-0.5356604322974168,1.1586931572738188,-0.5757799883038439,0.6678700524815862,0.9936889067110357,-2.413460111719319,-2.191125905752852,2.2298414561272644,-0.7602397135182319,0
0.2651151016013873,-1.516009462988408,3.722720367803531,-1.499469952985582,-1.246913042861959,0.14037187446687094,-3.0493587517103125,-2.53517011920618,1.526906558176053,-2.3177223117473016,0
-0.48183782698074507,-0.16846675756875307,-0.254009604519279,-2.1550720765039855,-2.8120078188304336,1.7975716006836069,0.11691166227676153,-0.37934857562098884,0.5612675010604015,0.6558009978239812,0
1.7339814305585008,1.791224211674456,-0.293590138469646,0.03207604037894812,-0.6132132291139138,2.0556482619543406,0.17928031161316538,-1.206580930789395,-0.4294657204033496,1.2683451654074314,0
-0.8383786715060239,1.1501445398885404,-1.52517904548519,-3.3128829912480207,-3.1457088212222177,0.03548747953958348,0.9651965721739948,-1.8605376886784328,1.95528063991106,2.4409966878219107,0
-0.5552020443232932,1.5295599549821528,3.9846192512804124,-4.566170051374208,-2.768585553907355,-0.1431250109509007,-4.366877881733672,2.2589696550909673,2.238828492039422,-1.0393354379902007,0
-2.5647037393967436,0.8413154799006635,-1.67300859938956,2.1755781290120693,1.8182426535120404,-2.6643171579830702,2.69054551763647,-1.681084102674472,0.16134776626501401,1.3043723537154945,0
-0.6945636882341109,-0.263146875835505,3.169879503284005,2.8678546460696523,3.7234208583236126,-3.009343232273566,0.974397735400788,1.7014229601019832,2.3890707939210074,1.6236662775191424,1
-3.299305535851555,1.682486025502383,-0.9822972893133759,1.7916037298906264,0.3897983438873824,0.010070560533558592,1.8830096706810227,-0.905202444072571,1.0320803838697312,0.670109622144605,0
-2.616806532356156,3.7747517723660557,0.1268740839299488,-1.7455671978734564,-1.7947441911816329,-1.593495708101997,1.2838798441377386,-0.8562329465007248,3.370602056763669,2.116407998117781,1
-2.9863346155312454,1.0510724203377269,-0.0007378696830851461,0.07807232762551725,-0.4116343310897731,0.6846128690628888,-2.764185790845083,0.17025526403730573,0.7271645522168979,0.620506407482986,1
0.965856610168891,-0.7741667007562405,2.3836527430569125,0.7402372198547513,-1.9088771407365392,1.6951246068067052,-1.2315174990644375,-2.6900773545844414,1.5335972377521,-0.057390204017019775,1
1.2697134876699219,-0.6971185956462869,0.5762272929322354,-1.7318709176828833,-0.0018660578018357965,0.5143655561453717,1.329506001973287,0.9563477865322416,1.2869552114836795,2.6312533513324,0
-1.0830611485798978,1.5533139702791772,-1.4425375265250384,-4.143093777955796,2.5070731842192417,-1.331580693476587,1.2298314176023433,4.526314291410833,-1.6365069631870668,0.7221980560077605,1
-1.6484302118027478,2.798668928220111,-2.6193541749150566,0.06275265936549546,-0.9660894601973642,0.9093561890051605,1.4930803067644367,0.04290605034459427,2.264430656971607,3.89235551651668,0
-0.9265128641058619,0.710682806657702,2.4956804004926396,-2.010355378881575,0.3211519446180172,-2.210767917481542,-0.7595933950206186,-1.469039038443293,0.4232550773367446,-3.2789944039702688,0
-0.3337630957933485,-0.7635663977210712,-1.343219135113983,0.5499772180593198,3.100858251186957,-1.5190219572042332,2.0516433337527094,1.3641268987151967,0.2573707556168381,0.4718295319910832,1
-3.0685475513243703,-0.32660562572891527,-1.916055943456894,0.19849284833329195,-2.880079417653028,2.4551688016600046,0.3784944081458842,-0.810324415539371,-2.2993904421783173,-1.1624244318756138,1
0.8724190180616076,-3.873996214489744,-1.039832754898155,-1.385478959622403,-0.502359713781483,-0.6066418230402889,-1.407624336045862,0.34741717987799436,-2.8206037792478305,-0.561209203222458,1
-0.044466380905544,-0.48753613669998586,-4.436144253904214,-5.692398605530246,3.3176937378609406,-2.9337669083814757,1.5903741466476942,4.380015546583938,0.6351137452559786,-1.2756767442738457,1
-1.8467202613676221,-1.1485810764387772,2.147998125197663,-0.5932001302347183,-1.7028953758105456,0.19867759295317655,1.2124870876148868,-4.506493337154684,3.11637688300491,-2.0102802187422975,0
0.4918031580096779,-4.364842175198065,-1.2578256339663314,1.230134256952781,-3.031697826943264,-1.6036077023556878,-0.4188773972293599,0.7525702652736449,-2.0711920066328378,-0.8098866772091862,1
-1.4682322387391866,2.08912483425744,-1.7977047793535172,0.1837752345857655,0.3996322659248307,0.47636800531368784,3.307568334750311,0.6812938004796809,0.6289517525948831,1.8877418976344669,0
-1.8977942510241195,-1.6743684789915028,0.2837752879115999,3.6426560288751757,1.6835870933484398,-2.0121457822669706,3.6489284954653414,0.3681054408715263,0.7346543802910359,-2.1183795969522365,1
1.6824605346825452,1.5117352884092194,-0.8995699485918711,-2.476318702431764,-0.4077210189149386,1.1090899166128605,-0.30256202399276144,0.6104545683699181,3.2908511592058294,0.2487187123792966,1
-0.597481008934299,-0.6088113232147849,-0.31010273858626225,-0.6726759431049676,0.5031581695891263,-1.6647983245943514,-0.5933302186961115,-0.38444906098706677,3.5875894663608214,1.5185623075063046,1
-0.357878368689045,-2.2472132244192924,0.6155721757518029,4.082461012782138,-2.8283621411828106,-5.22840031849605,3.4076256627832353,1.3551960864363006,-3.2844979523914373,-1.597731267497363,1
0.1659055138413723,1.7920757884026495,0.4633205650851451,0.38115641368618935,3.2291779527057995,-2.376233491461445,1.3448351011917263,2.395136641424257,0.815560696851408,1.395091719739423,1
-2.7066353730745014,-0.9706462968342715,0.4077569493770355,-0.40063622778497354,-3.6316108424050126,0.7484213952015413,0.30944895974748604,0.09682827009676287,-1.6379928701250281,0.6299075332383739,0
2.1796695732434697,-2.1853104897409645,2.14265853951406,-0.21034754333079642,-0.006199925683497143,0.7690327408069071,-1.8899876406239744,-2.84332502350052,3.996461030167186,1.4719162337419331,0
-0.8029584067145735,-0.7036032762183786,2.818418305199385,-1.0163908073296075,0.03235682609195267,2.318809941102564,-0.18067635532849358,0.7265153419719035,0.9205768376611201,2.139617822034076,0
1.657516371412322,1.9654754599011408,-2.080034713764721,0.6123990656740135,5.307284304492861,-1.0196053883648855,3.090521536867127,4.635504249901221,-1.9310136337891057,-1.7995663546518195,1
1.894644416468874,2.5789346615779176,-1.6538213367693464,1.0353135316575464,0.5931063237076418,-1.6194281015498402,1.7273759944850717,-2.8566586882165215,0.0873248021525348,0.7261595049633005,0
-0.12489762133276772,1.4621606411320658,3.5910758039221715,0.4544046151929411,5.278474690800473,-1.0274329343271194,-0.8335231301528481,3.6998018616903328,0.7636687906106865,2.9008487643023244,1
0.6090615953407623,0.9462302622378989,1.2348218007416505,-0.982206928821812,1.9144048967318918,-1.458117861458678,-1.4723579773675175,1.8245850898263698,-0.1900172410712715,1.1623891798460524,0
1.85998515967731,1.877892543760606,-2.182113556035983,-1.138803406142259,1.0958394035048493,-1.9464537122915198,0.4868180447066438,3.1348799545637447,-1.227893936060691,0.8954221193240298,1
-0.9744519890202605,-2.625886853415995,1.1948396445755796,1.5249719035661136,2.713352231680177,-1.5675268585394364,-1.2995681721195784,0.6788382796709072,2.271583783384226,1.4656455251382985,1
-5.031864638055211,-0.3182376852193257,-0.2928131904089307,-1.0444464728000313,1.619277284178711,-2.0242676688176924,0.4808789428707022,1.6634698154674599,-0.7220930526435416,1.7416795048112141,1
0.8383457241038297,-1.8428213039818346,-1.3301593221783563,3.956139171107993,2.5788269958689387,0.2469833855378626,3.9724052614345022,-0.5729848035390495,-3.1832215040738094,2.16849794011063,0
-1.4399336807943373,-0.7604441075644537,1.0657821220700265,0.664312601445173,-0.8861349543181315,-1.3964475044174207,-0.8537819994360527,-1.7759772343321174,2.142982463712303,0.7948039369981669,1
-1.2027915449499358,-0.7800178448366158,1.7729807974777487,1.881202741055962,-3.1529885350745803,0.45157206070754974,-0.39508683507815756,-4.2396376606548785,-0.29772642467119503,1.4470552469236324,1
-1.2751404353861968,-0.6045777457589752,0.266578011719279,0.6497392336585579,1.4009634751311282,-2.9534620321237894,1.6137159039480973,1.3295969974109743,1.0082816198899256,1.2205521838335875,1
-0.2528532506889954,-0.5966824224854594,-0.21061250447734414,-0.4426968208532308,0.08057939697511601,1.5332532174718394,-0.21274430253045962,0.6896749704399345,-0.7107838045407096,1.1481088257284322,0
-2.9418644358582524,-2.276192239096849,3.3295488094053924,4.0717550277458665,4.795659947958859,1.55647674132884,2.33525666371283,-0.32972008615927284,2.0715097993940925,0.5767050101513325,0
1.2829986819560806,0.32685690800741274,-0.3146747459431073,1.7748072320347859,-0.6286014680610574,0.6682354593606163,2.175461009336087,-0.1670574874497901,-0.9859058875998745,3.472699732667021,0
-1.9127239990316538,1.1280114803264343,-0.25880906208539334,2.948267760646247,1.647760955398403,-1.0147503146205583,3.298671202425006,0.6299669306129037,-2.28162130650626,-0.49969619775584817,0
-1.325455813500411,0.40572434500446153,-0.2705086210518012,1.5931722939016373,0.32050006886275434,0.5984647971499837,0.3233704646739323,-1.4221415885516029,0.008448640927528728,-0.5074909355534531,0
2.1001509355549004,2.2655592210529143,1.4948914657108634,0.7038122790162761,-3.4072564409085846,-3.0533057405500044,-0.3796594504067965,-2.007423629153356,1.8522096432479287,1.6398167240176134,0
-1.6681452004768857,0.27186618526250284,1.8496272523084842,0.40223676195570945,-0.7619927366916823,-1.0070849606154741,-0.06785417542709671,-2.1620189652120274,2.9666565879319013,1.9393800294688166,1
-1.7869559444501388,-4.706425993040858,0.8200290932492817,2.4906854466697674,3.799119768107843,-0.736053271793202,0.7073455524394423,0.7559416214062429,2.7296447441838136,0.45518161780432054,1
0.39552772724440344,2.5452465125720227,-0.4132721356883059,-1.849537649674025,2.0783348205781564,-0.3580627123165302,-1.3877962659156615,2.236168251101513,0.8892403773765479,2.684787879671837,1
2.512987241023773,3.3788791204207627,1.8281142257630654,-1.6610972697458655,-0.7096702682461697,0.40424555464536893,-4.232587837950146,2.0618035568792497,-1.7471736813194916,-1.2734345125064197,0
-0.7193657047260763,-0.6316013778018321,1.4733031820886362,1.974191321857679,4.672269602329658,-2.4113983817927145,1.8019037920335048,1.8022594455615968,-3.01414318610762,-0.15268286306792034,0
-1.5170091109381985,0.670404551981716,1.0573242011761201,1.4364989757178535,-0.4920768387628013,-0.2657729378314404,1.0640120185995725,0.40755997295911117,-0.7685417412167868,-0.6066684844022736,0
-2.045726516408579,-2.1859031683831605,1.4191354127333335,2.376202938993859,-3.6841323741449887,-1.708798641048715,-0.7439441731076224,-2.2444143671154673,0.7043842699976512,1.5709743349297716,1
-3.6231648492177353,1.235547335793946,-0.23767713132447832,0.6012488958820391,3.4005774816527152,-0.1447925583858456,0.7572443207589112,1.1857346942043037,-0.4660390482128395,-0.5082394871772209,0
-3.143217593237569,-0.6496468567494054,1.6247974752486878,0.26803649646834926,-1.296758041887585,-1.4827492853231157,1.1513788239311316,-0.6518214520683275,3.9700993991828204,0.4255475065543651,0
3.2976752459061203,2.492317462559671,0.09967472409029643,-4.5806462357241235,-0.8338413695540481,-3.5580190344882294,-2.7276189096860333,0.265943898163577,-1.2691803010859832,2.7997049464553703,0
-2.5193907175912935,1.4163422800166914,3.040862029634978,0.005412897768496405,4.128090282666678,-0.7878983140680993,-1.8204727091001165,-0.7515722051892035,-0.2683535973488598,-2.5032647276931943,0
-1.4347431473295453,-1.9357720520753252,1.4429705241927338,1.1458035026183584,-2.9138291847514095,-0.22690230979488607,-1.5767268289872463,-2.0852557357931993,2.1701704667356294,1.8192340084064917,1
-0.9666372973156121,1.252961488608355,2.076753014620852,-1.082983564692097,-0.7749760096384946,-0.43965835568254164,-1.6529878155033906,-0.28563397450139716,1.5229066223804955,-0.7293951713551208,0
-1.0308199974405974,-0.4479863556860241,4.459211489719911,-1.1597088353130758,-0.903500508172967,3.017424441957606,-2.7135490499275416,1.2184975926483141,-0.7208242936131255,-1.144961864846135,0
-0.11452482593030028,1.0340402342786201,0.3287688888713309,3.0291816210328344,2.3701080197572075,-0.07396672330931198,1.5315673605002162,-0.2762390165592683,-1.3851971934727294,2.0782778515696956,0
0.15683141712791815,2.921701714751087,0.8492825376994622,-2.2239800953318722,-0.10939246633110311,0.2453979922843776,-1.8289201331582259,0.6221086499831567,1.9929070633068915,0.6278378581552514,0
1.9904128067820923,-3.2106752270209826,-1.061537725678594,-2.007119459153596,2.354561484826093,0.16657418432390225,-0.738860586402302,2.8297292335296462,-4.207594086593202,-1.5440625236632348,1
-0.26101173653187326,-1.577436084554748,0.9545870163001736,-0.2450087156722326,1.9139239470797187,-1.654442997008937,-0.6975641861611364,1.0653384923044222,-0.45358086938672104,-0.26422069864270625,1
-0.08396693477423878,0.7314850188895465,1.7659011093532089,0.2612331025569675,0.034011823852113765,1.540036363339809,2.21476591172535,-3.4877460633521973,1.6139332554275567,2.637388359315468,1
-2.574740944364228,-1.008561976470397,-1.4525461755356763,-1.6057316299247737,0.5094121371849598,-0.9606437940132592,-0.6074216780584023,1.873716370466847,-1.0884830054420758,0.2976701962745693,1
0.7838108460066633,1.7261440111262765,-1.4600604339921894,-3.1182977205745233,-1.3793009863929662,0.2144165208262424,-0.13633280491190325,0.9592102000255915,2.099438663205518,-1.229025358866121,1
-1.2620597506977778,-0.8521943330590793,2.120196948492676,3.7715950995434895,1.5167918658955637,-3.558010930910109,0.8719419808179995,0.7506564458460083,1.096870582833,0.3659817972462609,1
-3.980164405885905,0.016205947847399593,-2.452052971407558,-1.8648765013790012,3.421355382985748,1.226108936961468,4.42017564365169,-1.271401903789927,1.0851990357693007,-0.4147891114453208,0
0.6420610045490667,-0.5427040273677173,-1.2908226085177956,0.3558520850468282,0.9400817621489512,-1.3112286674226585,1.6344533144196347,0.8863064539353265,-0.025264201810642706,0.7320164924211429,1
1.20101550946308,-2.972337912043271,0.1999883013304915,2.129665987050261,-1.7093751427185446,-2.1167055667238976,1.0904103878686442,-0.5560369849332902,0.985217460264836,1.3462970903123905,1
-0.5969244027466144,-0.7751982622942359,2.385893584283531,2.0285309310839605,0.9776203437542219,-3.0949206864324523,-0.31032842067052147,0.8932463764390983,1.9901117686617527,2.255916693197086,1
0.37565582543515474,0.19604832303289876,-3.4705632245527225,-1.0520098416992993,-3.542103901116745,-0.19541170575202105,2.009115425055719,-0.9591592575594379,-0.7991740450773683,1.65040195261334,0
-1.8336462106479345,0.5506712142123651,-2.689224185629015,2.561720983775093,3.5680890545105,-0.45514830890377145,3.327098095627316,-3.7446185124418765,-0.9774800046477481,-0.212928878116858,0
-1.1078691059929748,0.2934106479963826,-1.5549310613063065,1.5393982017358727,-1.618508319703039,-0.5875264617523919,1.9133708941931147,-0.5526188766092341,0.44051396250308333,1.4195098851150632,0
-1.5159258556886788,2.0257105300396985,0.5963151092026584,-1.5243245124472287,-0.09279531851743417,0.1975290652393199,-1.892288685419886,-1.0049924153171292,3.3448839747187757,-2.2370948940726354,0
-2.808919787327121,0.4740119327458642,0.3625529491223016,-0.6608205987210638,-0.8422653121884807,-2.0869720010957655,1.0114394276133796,-0.8720370644733233,-1.123718366640433,1.826033938722038,1
-0.25291530768425197,-0.6944354360842859,1.7755216797056663,0.6742211528310322,-0.6450609303541055,0.08990926341561034,-1.027685604942695,-1.2259558812953162,0.8041153853546312,-0.007429814053981798,1
-0.4606168046093323,-0.47389192680941217,1.1420055846746815,-1.0487498627249776,1.1405822792232854,-4.457379797492677,-1.0296152765973345,1.7539435360404756,0.5080549011422314,1.0350640677683152,1
3.585999876884256,4.2313961552706445,-5.272848801338016,0.8924975635826076,0.2019603589954445,-0.27584145931497384,1.7625205880163195,-3.171478913606202,-2.0690328901006643,1.0802177372269175,0
0.13642139113749407,1.3665271449482823,-1.3459930750983524,-2.3680180059761238,-3.794740896778711,-0.812318819584577,-0.5070386604780053,-0.09658854082706214,-1.2237506495782344,0.5423631602625818,0
-1.0978571835426818,0.8829945294150274,1.043859746367084,-0.07140139043413773,5.44860085353053,0.3568016906945026,1.895057137734077,3.3255362548164036,0.14815546643858535,0.22981793524785787,1
-2.6529426172324113,0.6433837745124491,3.4723188295067975,-0.509448937897333,-0.7301634641354682,1.4479123026176328,-0.9115494479728334,-1.518427150655717,2.3450232823546675,0.4944394897152069,0
1.1716902639210578,-4.284021821217761,1.116127496158576,0.8427121189867377,-0.2953056005416921,0.20316424951113954,-2.915763548830064,-1.0041013531344307,0.4538401545028239,-0.6549429626950642,1
3.7066614966527354,1.7509434307563283,1.2043702929107942,-1.831913624952096,1.378043233589855,0.13170593134741648,-1.5673401705074934,1.9035399844715104,5.212278645151691,0.6513587787356331,1
-0.13717165307072232,-0.4115995026143161,3.69938864360925,2.2453485201808063,-2.200477281024104,-0.774394191018462,-1.2067301674409658,-3.298572916297541,0.7975985161800595,0.48013366745705255,1
0.07272690234477519,-0.1805015359517963,1.3934053539114244,1.1443765436279785,-1.9837957635538874,-0.005913063256512641,-0.4052124780106765,-3.307913910371139,2.2192606043840035,0.8812295258550827,1
-2.6183324849851175,0.8190062873761086,-0.8173303130031357,-2.063274585939341,-0.6906620190115307,3.473718384891905,-0.8695927308872005,-1.3194661957590128,0.899174794388974,0.9524282514588653,1
0.11988410614062162,-1.0331914179239639,-2.644536767356433,-1.0163461743605375,0.8326853578560098,-1.157589667889088,1.324357429006675,0.7201322261932125,0.7086157107851183,-0.660742043751853,1
1.9311037908307798,0.09440426630686893,0.8224135236225896,-0.7596197818646224,3.4307240346788035,-2.1042945777749447,0.7041972978179931,3.1780833383561204,0.401631966213695,2.564561775575729,1
-2.3198195116696625,-0.7941475198168636,2.8499764828994394,4.063949790554494,-2.7559097617100567,-2.8558478068323594,-0.5670327184247943,-2.4958279504490894,3.0010326276396846,1.9680560557153264,1
0.06286823011666476,-0.34777118235748117,0.21644022757273906,-1.6620085060393373,0.6062313228888897,-0.5614254774691438,-0.18802010569064875,0.18684356856770967,-1.2499017990574548,0.620530518390129,0
-0.28765861067089743,0.34721079216923634,2.862345363383113,4.141981008927514,2.818239012360551,0.051845642623502164,1.2962122573993768,0.871847165519178,0.9806522656128807,2.499330495115354,0
-0.9125671544781174,0.3272445584363586,0.21376220438191573,-1.4520385007324228,-0.9085376178105768,-0.6911630065361308,-0.09939660653360938,-1.608338586900035,0.7464120111742056,0.7663975991403613,0
1.2433882270701682,-1.3910680417675239,1.3872121924128897,-0.6413279051105709,3.9604410959949594,-0.911645697660161,-1.2622552615235503,2.9267735838965185,1.4714393821025562,1.8633732768670828,1
-1.608295417662993,0.2687069368570056,-0.09658437338523163,-0.5015311250309358,-0.32382587227618487,1.8886674621240451,1.1511656240436776,0.5979084520510787,0.7550481208432431,-0.005814180375939282,0
1.4221450205761463,2.123590180115083,1.1816192677667408,-1.1276200356507646,2.063752791147479,0.7823884174869475,-1.9896434488717891,0.39597202772633155,-0.6973202722071363,-0.7368705387311858,0
-3.266191086388683,-2.4587499992292394,0.7763076239426094,0.8272080868777598,-0.5945737273137359,-1.2527460579292802,-0.3202774081610859,-1.4205850741427348,-2.2091006124660835,0.36149784692480114,1
-0.6907159649744781,0.6483491932473497,1.3887631282232669,1.713502007603727,0.36311194010658354,-0.8341442109883266,-0.48139296526178965,0.6422091927837905,-2.1049089216210093,-0.9784362435041072,0
-0.7111366037581193,1.5952456757621591,1.0794894421081163,-2.3734467494504994,-3.9633983757620266,-1.8582106404205074,-1.406406993202522,0.7009587327249016,3.562244155146594,0.11018117139877126,0
-1.8451451853540828,-3.6259341931187983,-0.46188746695822225,2.764097739589148,-2.7470091814165283,-1.3739757532440398,-0.5699665122018012,-3.117718334527027,2.1983447581978757,0.9689567661644046,1
-0.4609485488293823,-1.2286581124956126,-1.1599575065132344,2.952895141413354,0.2142953742910335,0.8451474240318004,3.0376638204922672,-1.0167736424109153,0.6806961870109476,0.8593721279967422,0
-1.5704372846688237,-0.41250114762313794,-1.800185063349748,2.4614109707461385,1.7494951126900329,-0.28416369784948226,2.7149501805570613,-1.511793251210279,-0.3599759095853211,0.26890955309356357,0
0.2539664365764216,-0.08956329578817351,-1.8035254161613037,-1.6808222509722541,1.9435369587079956,1.1728312548992421,-1.240490255729646,0.7560210692838181,1.8990797965487023,1.0612696182562913,1
-2.7774022829388407,0.6524066723496007,-2.4240161769288497,-0.29328390884821665,-1.8167486775967698,1.2720948728245838,0.7298158913842656,-0.9884300853458632,-1.4189229088969006,-1.1953172144962194,1
3.5945422087345236,1.0465869356759647,0.692463318261595,-0.9306152885622709,-2.7517568290636567,-2.518068133559619,1.5858407285892255,-0.6030644907405096,2.16543521534067,3.5627526326377597,0
2.3156164286923078,-0.0338205784947293,0.2954770636383365,-2.139809850617363,2.003740208606077,-0.5944429192862404,0.7405238109790862,0.7058523867024036,1.3397177735225507,1.1522626981238888,1
1.7750213598087923,-0.8942247518500356,0.5619807760503568,-1.7884897346249187,0.17586954711613445,-1.1057890736376557,-0.14665874392223988,0.0027701014199666973,0.6465353286514625,0.0672152206312508,1
-1.5408442201604178,1.336502691194611,0.45293151810540144,2.06942692580463,0.3503535957448715,-1.6601378784162701,0.5009667422228851,-0.8601425061741625,0.7575938376066639,0.686260164052188,0
-2.640535645630051,-1.079794007541256,-0.775222289506567,-1.8054933876915076,-1.409842949257156,2.283426501363059,2.9164899684182632,-2.5653525368670804,3.907294307717955,1.694758723550251,0
0.057060285613746986,-0.16816153997069022,-1.9286107062327487,-2.5724589315152473,1.8807499055463577,-1.2275716732517128,0.6969291318775661,2.123553890991791,0.06156027545675957,-0.4742632775536647,1
-2.1709016246004342,0.3977880957054405,-2.394142748368511,0.8069758236280928,-3.158360360896046,1.1224199955632224,2.4090571492727655,-2.0335354716351084,-0.9091853310463351,-2.596106716556789,1
-2.7605073538080114,-1.194552801238351,2.250693661813595,-1.1693100387592026,-1.9222664202364497,2.6354072969851794,0.4981477017357574,-0.10964753128780513,-0.7451952724092983,3.3164029751911372,0
0.17668622412675972,-0.29749895055521747,2.1014333239281067,-3.7052979579249286,-2.1428279634119956,-0.030407458131763265,-3.5172948901373022,-3.7046010002012,4.134293908170539,-0.6915963527714446,0
-1.162039707655408,1.1158567930557677,0.10565550719862321,-0.49965081786231735,-2.302532671836664,-0.20542255302286178,0.003918094599876243,-2.531525020675371,0.09805127225574628,-0.7451640254201386,0
1.2317569295312292,0.026472920233207575,0.0792223168879877,-2.3716132681746305,-0.08126508120235121,-0.09561434444822947,-0.646835343543051,1.3629421324614346,0.09661911338794754,0.5837585258341595,1
-2.6717137957622925,1.3126163024673883,0.87720671644022,0.529909728937102,-1.7358967128252307,-1.092354819172161,-0.137204630853342,-2.1306138530970564,3.249850713330128,0.8206527374032877,1
-2.254189984247727,-0.8782654348651391,-0.49060930714248396,-0.5944268249473426,-0.371103121034838,-1.8160477982025822,-1.9155671865990782,1.7330550847545716,-0.6292105804850023,0.7443416734809291,1
2.2543585642672754,0.8447518495936431,1.8459470755158116,1.9444663179081694,4.496338402496829,0.07062763034961606,-1.6431499624773784,1.5966305262767908,0.4338883721365072,-3.5438742217976076,0
-4.108802796040825,0.1783512906226703,-0.1087660605504519,2.332523892152281,3.170063652441935,1.1082776316467784,0.37234063344171703,-0.6611873350275852,-0.9939483408922198,-2.6890253358430414,0
-0.36897351432546044,2.098477215028941,-1.8563699898498949,1.8228012534039553,3.467294987824813,-1.9997537824822413,0.5331487793125029,1.5464430424727875,-1.860659768602761,3.115462393097487,0
2.9321946334946594,-1.104070611146538,-0.7867541981289765,-1.2173801162807414,-2.061742430566871,2.8853677376789904,-0.38074076244340793,-2.331624415068676,0.9122562588579923,-1.5790170727007284,1
-0.44127443300269203,0.3085627622209871,-1.842217138262927,-0.5856974241356268,3.263360794323757,1.2813500123269241,2.583938555771015,0.6231368382227414,1.5532815507554605,-1.127715103346425,1
-3.6128226924165,-0.7874367993243694,1.7748622268397378,0.7520201919576344,0.9500878458131725,-1.0996885375230825,0.7141005521527832,-2.0343712339574314,-0.5600958964369496,-1.2518542154232708,0
-0.5242362132781844,-1.639452624560253,3.956346172535195,4.123008589770752,1.2308138643846858,-4.479165371517425,-1.066319231465083,2.0748877187719854,0.5406128482480331,3.3651079078535293,1
-2.734699606709723,1.1764219009745303,1.133065831998178,4.388757843303745,2.0132554317235205,-2.081018017974059,2.430918659024278,0.9306346446496978,-2.3907382263875054,-1.4594931171066365,0
-2.2808949727804584,-0.7285192946019634,2.1671017317619796,1.2679964629729046,-1.3562503403143003,-2.479272691736283,-2.3697316376800437,-0.8987707753303573,1.9301695173339912,3.931901422931897,1
0.056006668574612006,-2.6939789943032557,-1.4065134436807725,-1.6961245608290072,0.07030254369311728,0.4232332646070829,-1.851827276564483,1.5648262317668178,-1.23879817489461,-1.2276454622905013,1
-2.9071819097247733,1.8445298788782956,1.8072051381148921,0.801836306938539,-0.3343420056831873,-1.1795412777856569,-0.4268791896114119,1.3939219741768998,-1.5131102169710244,1.5749655447749757,1
3.135725165036686,-4.175869431221139,-1.8004964352714703,-3.456600216383717,4.404610320614809,-2.247492828530439,-1.0031930282746213,4.661591904718907,-2.762647169296124,-0.43151749430429154,1
-0.34571316004063773,-0.7955883940183959,-0.3453892901112801,2.0657152008576,-0.8232697069692756,-2.6895799697479905,1.3765336811393583,0.4788333565216397,-0.21186615033724476,0.1518647571979158,1
1.724664589609349,1.756685438139046,0.5330101520646887,1.0362350034441925,-0.9795523733692277,-1.0641335633301718,0.6050960985836366,0.8511486653010907,0.5087431369537359,2.164129555884978,0
-5.268053509921295,-3.4808803041736587,-1.6650139952041725,4.655807530793878,-4.272412610149954,-1.906999232038532,1.9514354811829833,-2.65933817178134,0.02644519350386737,-2.6396909996566893,1
-2.265437211797104,3.296115299988186,-0.18247471235617407,-1.795628766299738,3.620425778699152,0.5937954505081027,0.8284187402853842,3.111266979327564,-0.45023825414820307,-0.4137285941998845,1
1.0094964435916152,-1.377870178829349,-1.7928176878169024,0.0012749810013940044,-0.8093216885030166,-2.8522195215032147,0.7416899995503552,0.5400620576591896,-0.19809270779746313,-0.024120978374198132,1
-0.21685967844965537,1.4834038137996064,-0.6073791024908486,-1.9209600871024524,-0.40844596018637425,1.1612661540487352,0.6780303724449137,0.4132977822116518,0.5953406359070297,0.3820370376234282,1
2.9844803602144014,-2.0624362984725533,1.3661019214935428,0.6582129531122081,-3.05989118954774,2.6594548681901538,-2.4607336183989768,-2.81329744511118,0.7345911844350441,-1.0803203133472556,1
-1.0253499832616084,-0.4599445098213998,-1.5953061829177706,-1.0329971283934356,-1.1542295342251665,1.7196312726268528,-1.2383705114487542,1.8622173993392956,-2.5521792545936064,-0.9313925583126934,1
-5.011335025946546,-0.40727280457773274,0.22054987549502963,-1.4402684005093802,4.020946750816671,2.594292543517901,0.5983317585948403,0.10305843925133373,1.701993771010616,-2.20878551146047,0
0.5470112252691957,-4.197254133613355,-0.4076122351581163,0.0029018829517527545,-1.0272277794077165,-0.9337284994641818,-2.205389287472166,-1.5389813550802451,0.829201858612858,-0.5689994691904858,1
-0.5370452178577458,-0.057302259177250126,-2.888412162672348,-3.692195025791447,1.463369433407892,0.20902287794236574,1.3790062664394032,2.6154082156533507,-2.342964710959376,-1.2594297112441997,1
-2.9973867704678256,-1.8577960447423596,1.7047063356301364,2.7474267536914683,5.619899747244191,2.325447329166872,1.7459916241634672,0.07842575727514511,-1.879378597351249,0.8681773046465882,0
1.653028259351407,0.6091421386577156,2.2032606881005745,1.659510043907912,-1.5803099519483808,-0.8165496697521261,1.1363813401232459,1.0554831653601526,1.5117102121054642,1.7496595934531463,0
-1.1759201960643355,-1.057103996753053,3.242721186393148,1.906066346798064,-0.18384395027666267,-1.9307055667392832,-1.6162048110110314,3.5857638875486897,-2.224385464939626,2.266496164178502,1
-1.3405511839384467,1.6080847840379469,0.8465968532580723,3.0595768430502583,3.5609561851452813,-1.4013962205910697,1.8792143242601536,-2.1706798946450387,3.600615733826655,0.8963941105594873,0
-0.4216601580328756,-0.05744955999338597,0.5296803277977031,0.019256491295916334,3.6789974050354557,-0.8712078274535355,0.01143771731334503,-0.14039662938300945,-2.019556079638694,-1.5920706302917536,0
0.10140371692141137,-0.4426915905653255,1.3350132731776438,0.9218368559063985,-1.1063700717617797,-1.3687391314359751,-0.7594297291555991,-2.7671706482882423,4.177501057804414,1.2339152742597372,1
2.170815970760386,1.3388039074173912,-0.16971488816990843,-0.6648249828513768,1.6233058199231993,-0.2519754085333962,-1.4660005971065817,3.0072510368654997,-0.29969617609715815,1.9753892640760515,1
-0.23719255974833342,-0.8524364977360313,-0.5875499460417686,0.4148503359695473,2.2236830302292363,-0.13713659903989334,0.5598079795923919,3.419209436723649,-2.2371262399865985,-1.1671918348831856,1
-0.017086926911104028,-0.7852757484505668,-0.09147216023754146,-1.4944302743429314,1.4844261328164672,-0.9223366639530781,0.34760243242294697,0.5483695284528707,0.8051518139968041,0.9086486461003312,1
0.02133252047147094,2.6248358778334895,-0.46199823424751874,-3.96578106063134,1.9494997632044333,-0.5708721578214672,3.182097999284107,2.224686188856686,-1.5129045313656384,0.3154642547824881,1
-0.5153443944650142,-0.19526666086017663,0.22401599984040665,0.2129590380320422,-0.20172687744318152,-0.6257675590547791,-0.012384978857182816,-0.641072030565271,1.2816178850019124,-2.150706656573389,0
0.6950503198133833,-0.14053752297972977,-0.8501718357813841,1.238718305556022,0.5228672004662087,0.6562520639023637,0.3903206561523667,0.4250703916091383,-1.8956443020466054,1.9455897224170875,0
-0.8625134042226201,-4.662433636977733,-1.1077314216721397,0.8496912485915027,-4.7622900906424395,-0.4637085996210069,-1.2188438202336014,-3.2312562712536312,1.5020009566111114,0.5161651999738979,1
-2.9535033909058135,-0.34227803776892807,0.3860550615041881,1.1947097623789513,2.8379619803228158,-0.3260317560566617,1.1570472924784356,-1.4343933524739914,0.89379030562672,-0.44967581717606464,0
-0.8385013887006092,-0.028598363020212736,-2.5251987122465795,-1.1143553696880315,0.8099749774329876,1.0338257667006123,0.10556077021460075,1.2534350313714642,-0.7793704758924491,-0.14964840039929472,1
1.3984031787826865,1.7468402449114038,0.5570349134763187,0.733014462378557,0.939370376989678,-2.3748308097119764,1.3859316219907551,-0.03674205692887267,1.7705712228947896,2.0948135946345934,0
-2.080773285279859,0.5037280362693153,0.10528725929249094,1.122085630132427,1.4919495325296763,-1.545166519936223,1.46831154386963,-1.1527282889284125,2.6777886414619925,1.135607425835372,1
0.7875977259951588,1.9324915900740223,0.31228967617744063,3.1916711703499665,4.870307478666151,0.4893811373514282,2.0698445361571993,-0.5572916239059913,2.5410602614943985,2.44466288710027,0
